name;address;country;postal_code;age;email;telephone
Michael Hensley;Unit 4115 Box 5282, DPO AE 50824;Trinidad and Tobago;91442;68;stephenwilliams@roberts-cook.com;+1-483-023-0183x2425
Chelsea Jones;203 Payne Green Apt. 340, New Allisonton, WV 57528;Bulgaria;19591;28;psalas@oliver.net;5334328854
Thomas Miller;Unit 3587 Box 6851, DPO AE 95654;United States Minor Outlying Islands;51559;53;rwillis@gmail.com;5404376904
Shannon Chavez;08012 Black Stream, Stevenville, RI 01018;Norfolk Island;82214;74;edward28@gmail.com;386-133-3520
Rebecca Woodward;Unit 6953 Box 0957, DPO AA 19259;Estonia;87185;43;catherine61@yahoo.com;+1-487-896-3966x8554
Stacey Hobbs;28317 Daniel Tunnel Suite 592, North Levichester, CA 13525;Andorra;36387;58;christopher55@hotmail.com;252.398.1801
Bryce Miller;7295 Young Expressway Apt. 295, Donovanhaven, NC 89107;India;49252;29;gwhite@simon-nelson.net;662-358-8390x3606
Jennifer Williams;7343 Harris Throughway, Amandaton, NV 53245;Germany;45202;45;melissa81@benjamin-rios.com;001-869-848-8130
Rachel Peters;77925 Alexandra Harbor Apt. 475, North Shawn, RI 10763;Tokelau;1214;28;james58@hotmail.com;+1-762-999-0078x570
John Pace;867 Black Falls Suite 403, Chenburgh, MA 12188;Martinique;42403;35;moorekevin@lopez.com;+1-428-537-7976
Jasmine Smith;2271 Green Harbor, Thompsonfort, SC 85689;Somalia;90584;45;tdavis@taylor.com;(085)576-6528x93882
Bradley Carter;95263 Anna Hills, North Cory, NM 39326;Vanuatu;2891;58;gary79@yahoo.com;(725)876-5387x212
James Salazar;12718 Humphrey Garden, South Kimberly, UT 60933;Australia;43295;58;flemingharry@yahoo.com;468.606.8089x1016
Anthony Shaw;607 Sherman Summit, Kimberlyhaven, MD 72649;Netherlands Antilles;32678;23;josephortiz@yahoo.com;(316)779-0385
Diane Harris;Unit 9946 Box 8886, DPO AP 86338;Oman;48391;45;hgreen@clements.biz;585-961-3750x39344
Dennis Leon;709 Matthew Tunnel Suite 273, Port Tamarastad, OH 88583;Turkey;36732;23;bwarner@yahoo.com;(494)759-1071x1703
Dawn Myers;430 Melissa Court, West Alexis, NH 76123;Moldova;61141;25;cesarhamilton@reilly.com;+1-851-200-0334x46152
Kimberly Perry;88227 Mason Garden Apt. 909, New Kathyshire, GA 19380;Togo;26445;68;fgrant@morgan.org;+1-049-207-1798x586
Jamie Miller Jr.;Unit 6191 Box 0887, DPO AE 49121;Zambia;63909;49;murphynathan@kirby.net;(592)103-4082x6715
Robert Rodriguez;77434 Nicole Valley Suite 426, Lake Brianland, PA 23756;Niue;31239;43;james68@hotmail.com;241-356-4364x997
Patrick Smith;86831 Jimenez Flats, Michaelchester, AZ 68716;Malawi;44493;24;megan18@yahoo.com;(299)945-1050x16688
Tyler Lopez;3090 Graves Lake Suite 053, South Francesport, ND 17216;Tajikistan;33596;70;michelle17@gmail.com;661.156.0373x0313
Julia Wang;8391 Matthew Gateway, Johnview, AZ 22944;Bermuda;3080;74;kristinrodriguez@bryant.com;743.101.1134x07486
Jennifer Martinez;Unit 4932 Box 0856, DPO AE 55700;Sri Lanka;48995;54;browndonna@miller-griffin.org;(947)015-6731x175
Brendan Smith;7745 Jose Mall Suite 780, Port Susan, HI 16351;Palestinian Territory;62903;26;scottshort@hotmail.com;001-435-868-5012x034
Louis Johnson;52721 Calvin Mews, Jayport, MD 89004;Panama;43726;77;mackenziemcclure@gmail.com;732.936.9766x832
Gregory Mcknight;236 Aaron Street Suite 636, West Veronica, MD 26076;Chile;10115;41;bhall@douglas-brown.com;8805446079
Robert Wood;2364 Taylor Squares Suite 203, Lake Kimberlyview, GA 35770;Saint Kitts and Nevis;57547;26;johnsonjudy@gmail.com;(016)533-5772
Yvonne Robertson;15745 Richard Square, South Christopher, HI 91683;Korea;12257;36;barbermelanie@powers.net;(816)853-0335x1451
Rebecca Robertson;2335 Garcia Plain Suite 474, Lambertland, ND 02891;Botswana;83414;43;olsondaniel@gmail.com;402-781-0779x62544
Casey Anderson;85394 Heather Center Apt. 167, Brownchester, NC 67682;Congo;61515;45;mlopez@gmail.com;217.528.8980x4579
Paul Jacobson;52816 Stephen Neck Suite 516, Collinsbury, GA 55905;New Caledonia;88029;72;sarahbarrett@gmail.com;+1-449-193-9055x1700
Megan Barnett;77940 Powell Locks, Lake Nancy, NJ 95337;Moldova;41022;72;qlee@yahoo.com;(650)267-2120
David Johnson;071 Davis Pike Apt. 035, Susanville, SC 75044;Zimbabwe;7773;79;stantonsharon@yahoo.com;+1-790-999-9039x800
Kimberly Hall;259 Kelly Divide Apt. 647, New Timothyhaven, IA 39073;Paraguay;61816;77;scott30@price.com;001-092-962-8445x76290
Peter Wilson;72033 Melissa Views, Port Sandra, KS 80358;Jamaica;23316;66;walkerricky@wyatt-cervantes.info;(185)377-5417
Theresa Myers;748 Garcia Junctions, Farmershire, MI 38579;Somalia;81526;66;zachary08@whitehead-valdez.org;001-194-214-9675x57808
George Hernandez;30495 Robinson Station, Troyberg, NE 90797;Saint Lucia;49485;61;jessecarey@yahoo.com;(916)167-5351
Jason Lopez;561 Kevin Burgs Apt. 068, East Bonnieton, CO 31935;Mali;55847;49;christophertanner@nolan-love.com;129.639.3119x82707
Paul Martinez;059 Garrett Mission Suite 372, Darylside, OR 44157;Bouvet Island (Bouvetoya);2466;76;gbrown@gmail.com;166.021.6197x0885
Gabriel Simmons;33769 York Fork Suite 343, Port Kathryn, DC 43103;Guinea;4728;57;melissahanson@hotmail.com;+1-321-062-4826
Joseph Young;905 Monica Neck, Port Charlesshire, OK 62499;Saint Helena;75141;29;qscott@moore.net;706.809.6197x51928
Jane Pratt;763 Thomas Mill, South Michaeltown, DE 51350;Guadeloupe;10781;49;sbailey@newman.org;010-287-4724
Eric West;Unit 4471 Box 1667, DPO AE 57125;Guam;38577;41;smendez@brown.info;001-537-285-1425x9834
Michelle Fernandez;9127 Marsh Views Apt. 522, Millerfort, OH 49908;Poland;80385;43;nicholasmendez@yahoo.com;049.300.1117x00853
Maurice Smith;2476 Daniel Field Apt. 099, Latashafort, KS 97760;Netherlands Antilles;60301;21;isaiahlopez@mathews.com;001-206-948-5550
Donna Smith;6172 Bradley Tunnel, Tannershire, MD 62632;Guyana;5664;47;robert63@yahoo.com;427.793.3865
David Pitts;43955 Briana Isle Apt. 604, Wattsfurt, CT 00862;Netherlands Antilles;86441;70;ssmith@russell.com;+1-758-712-6734x88166
Jack Becker;729 Bowers Stream Apt. 565, South Victoriatown, VA 82882;Belize;55858;23;ilove@yahoo.com;614.070.4858x802
Timothy Pratt;4475 Foster Port, South Sarahmouth, WI 28843;Saint Kitts and Nevis;46488;25;michaelyu@gmail.com;679.030.4826
George Walker;055 Spencer Junction Suite 924, Lake Annberg, CO 03179;Macao;16557;23;glennduffy@yahoo.com;6716547063
Tracy Jones;85831 Joseph Cove Suite 974, North Justin, CO 72987;Sao Tome and Principe;42961;36;reeseedward@gmail.com;(003)492-1388
Maria Bridges;518 James Throughway Apt. 781, West Crystal, ME 30172;South Georgia and the South Sandwich Islands;30211;70;sextonthomas@yahoo.com;(156)736-6671x63191
Charles Mckenzie;10167 Shannon Cove, West Steven, MN 25957;Svalbard & Jan Mayen Islands;96736;47;jason99@long.com;+1-902-071-8906x17972
Matthew Morgan;3065 Walker Manors Apt. 324, Brandonville, VA 33684;Liberia;79387;45;smithcarol@gibbs.info;715-880-9455x476
Richard Moore;92747 Blevins Point, Kaitlynburgh, IL 04547;Grenada;71336;71;richardspencer@brooks.info;+1-270-064-8287x14276
Stephen Porter;3877 Hailey Burgs, East Tonya, LA 68167;Cambodia;75082;68;sarahhudson@hotmail.com;+1-937-048-5688x5116
Gary Shields;8410 Wu Drives, Burtonstad, CO 08232;Bolivia;69169;45;maryward@davila.org;+1-946-768-6016x00584
Antonio Braun;09519 Jackson Causeway, West Amanda, ND 64064;Comoros;46579;68;james66@gallegos-sanders.biz;(036)548-7752x7400
Christian Dixon;684 Smith Roads, Jenkinsfort, MN 47442;Ghana;14826;44;christophercosta@burton.com;+1-922-891-3953x297
Christopher Gates;1596 David Ports Suite 772, Barnettchester, HI 38505;New Caledonia;22380;66;rosewilliam@gmail.com;497-740-2797
Christopher Cameron;633 Campbell Trafficway Suite 021, South Travis, VA 96312;Svalbard & Jan Mayen Islands;20613;30;andersonjose@hensley.com;001-189-363-5263x7266
Jennifer Gonzalez;66823 Shelley Mills, Frederickborough, AK 53876;Djibouti;5787;70;swolf@white.info;002-670-3120
Michelle Weiss;0747 Ashley Forest Suite 054, Ellishaven, IL 05589;Samoa;97002;36;kherrera@summers-reilly.biz;(252)608-7140
Aaron Hernandez;06921 Barrett Union Suite 182, Kellymouth, HI 69674;Puerto Rico;92959;39;nporter@hotmail.com;127.814.4068x5362
Chelsea Bennett;9928 Baker Fields, Lake Melinda, MT 89819;Mozambique;89156;66;tdaniels@beltran-dominguez.com;648.190.9636x45094
John Edwards;3477 Stephanie Island Apt. 031, North Johnbury, NY 63654;Kyrgyz Republic;97242;37;christopherhoover@yahoo.com;(254)824-3483
Lisa Allen;416 Judy Turnpike Apt. 411, Gonzalesland, FL 39397;British Virgin Islands;71467;47;ulawson@dennis.com;362-581-8341
Wesley Butler;37676 Christopher Passage Apt. 347, Port Brian, IA 95144;Congo;23626;35;vcompton@yahoo.com;732.498.4624x63595
Candice Stevenson;70695 Peterson Way, North Veronica, PA 49592;Mongolia;12376;57;brandon96@gmail.com;+1-577-472-8129x618
Vanessa Johnson;224 Ross Dam Apt. 154, Lake Andrew, MN 09461;Lithuania;19586;26;walterbuchanan@hotmail.com;+1-788-579-9105
Lisa Levine;6388 Ashley Burgs Suite 061, Pittmanhaven, KY 93379;United Arab Emirates;92837;62;burtonkenneth@gmail.com;609-773-9453
Luke Acosta;90904 Jones Camp, Port Chaseberg, SD 94711;San Marino;89087;78;whitestephanie@yahoo.com;224-175-9248
Courtney Leon;64658 Zamora Mews Suite 570, Samanthaberg, KS 15241;Belize;11625;21;bryancosta@boyd-harris.com;780.213.6178
Megan Flynn;093 Patricia Summit Apt. 932, Sandraberg, FL 21729;Mauritania;98650;72;rasmusseneric@hill.com;933-989-8310
Kenneth Smith;65704 Michael Parks, Elizabethchester, TN 88948;Grenada;95437;72;krystal13@moore.com;747-054-9002x270
Angela Jackson;713 Rogers Cape Suite 616, Haneyview, NV 02360;Saint Lucia;33145;36;kevin88@myers-jackson.com;+1-999-971-6844x494
Jill Duffy;80227 Phillips Ridges Suite 636, Gonzalezmouth, NH 79669;Turks and Caicos Islands;53031;70;davidmedina@clark.com;854.453.0467
Jessica Clark;76510 Raymond Knoll Apt. 813, East Edwardmouth, MD 54595;Bulgaria;44264;75;ywilliams@yahoo.com;348-893-0253x2429
Charles Galloway;6290 Davis Summit Apt. 465, Jonesshire, DE 54490;Canada;87124;48;bakerkyle@orr.com;(206)660-5867x268
Kevin Henderson;0895 Irwin Park Apt. 616, Barnettton, VT 97119;Senegal;35939;24;kevin07@harris-richardson.org;4744472683
Ashley Fleming;663 Williams Pine, Port Michaelburgh, KS 78215;Cuba;50956;38;jose15@hotmail.com;7802381343
Gregory Thompson;3645 White Gardens Apt. 325, Millsmouth, NH 71892;Burkina Faso;92365;68;lauracampbell@gmail.com;001-208-791-0998x177
James Clements;3904 Lindsay Roads, Oliviaview, IL 89266;Svalbard & Jan Mayen Islands;2025;78;xbyrd@wood-meyers.com;001-920-095-4826x585
Joseph Wong;78482 Rachel Gardens Suite 022, Dorothybury, ID 83204;Niue;24009;63;harrispedro@gmail.com;+1-310-526-9837x911
Mr. Robert Ruiz;5126 Richard Land Suite 236, West Jose, NE 06307;Tunisia;30662;58;jacqueline16@nelson-bennett.com;+1-704-972-1536x69063
Bryan Jones;925 Lawrence Stream Suite 937, East Williamland, DE 14499;Cote d Ivoire;42530;54;martinezlaura@martin.com;233-390-0870
Linda George;105 Noah Locks, South Leroyton, VT 25214;French Guiana;21748;53;jessica76@gmail.com;809.840.8425
Bryan Duncan;3853 Lewis Gardens, Clarkmouth, DC 49828;Lithuania;6157;46;zachary04@hotmail.com;876-850-7306x833
Joshua Lopez;USNS Williams, FPO AP 87586;Lao People s Democratic Republic;68924;46;flemingjennifer@cooper.com;001-160-243-5695x93946
Jeremy Simpson;113 Bridget Square Suite 137, Bensonfort, IN 50509;Uzbekistan;80244;68;nduran@hotmail.com;5975530801
Adam Garcia;036 Rosales Road, Port Christinashire, MA 04250;Lao People s Democratic Republic;71642;49;reedrandy@yahoo.com;(982)583-3823x3193
Martha Bates;3805 Justin Place, East Mark, MD 85780;Mexico;93762;52;michaelperkins@singleton-jacobs.com;(470)920-5232x06814
Erika Larson;9629 Chelsea View Apt. 197, West Tamara, NC 61708;Netherlands Antilles;14339;29;brian68@guerra-edwards.org;+1-367-355-4930x16761
William Case;Unit 6830 Box 1835, DPO AE 29499;Netherlands;78928;78;deandaniel@gmail.com;001-394-013-5895x7554
John Vasquez;PSC 2222, Box 0422, APO AE 89495;Grenada;66697;41;udavis@hotmail.com;+1-953-284-2435x159
Mary Odom;PSC 6527, Box 9862, APO AE 06114;Peru;52340;64;nicholsonsamantha@hotmail.com;001-525-474-5090x929
Shawn Barnes;58965 Sandra Street Suite 371, Alejandroside, DE 47911;Hungary;5739;72;francesgomez@yahoo.com;001-071-892-2088x67948
Zoe Montgomery;84519 Lauren Hollow Apt. 996, Port Aaron, KS 25330;Ethiopia;28720;67;huynhelizabeth@peterson-thomas.org;615.711.2866x173
Krista Ferrell;575 Duncan Inlet, Thorntontown, MD 67599;Maldives;80651;78;longwhitney@galvan.org;609-198-4787x298